name,image,isFeatured
moorebank,65,false
parc,72,false
bayview,14,false
hornsby,47,false
hunter,48,false
aussie,10,false
bradys,19,false
crown,30,false
farrer,38,false
lodge,60,false
northside,67,false
woywoy,104,false
castlereagh,23,false
federal,39,false
royal,79,false
argenton,8,true
blacktown,16,true
bourke,18,true
cambridge,20,true
colombian,25,true
edgeworth,35,true
elermore,36,true
gaslight,42,true
grand,44,true
gunyah,45,true
homebush,46,true
hurlstone,49,true
ivan,50,true
junction,52,true
kingswood,54,true
lakemba,56,true
narwee,66,true
palms,71,true
pedens,73,true
riverwood,77,true
station,86,true
steyne,87,true
strathfield,89,true
tiger,90,true
wentworth,96,true
crystal,32,false
sevenhills,82,false
beverlyhills,15,false
canley,22,false
crocodile,29,false
croydon,31,false
kings,53,false
kogarah,55,false
lalorpark,57,false
lapstone,58,false
quakers,74,false
ramada,75,false
royalexchange,80,false
wentworthville,97,false
flynn,41,false
westmead,98,false
acacia,6,false
flagstone,40,false
paddys,70,false
bankstown,12,false
campbell,21,false
dixon,33,false
livingstone,59,false
rocksia,78,false
southern,84,false
sports,85,false
towradgi,91,false
warwick,94,false
westwaters,101,false
albion,7,false
astor,9,false
australian,11,false
bateaubay,13,false
bondirsl,17,false
clubhotel,24,false
commercial,26,false
criterion,28,false
earlwood,34,false
jesmond,51,false
lucky,61,false
maryville,62,false
merewether,64,false
openhearth,68,false
orchard,69,false
regalinn,76,false
sjb,83,false
stgeorge,88,false
waggarsl,93,false
waterfront,95,false
westryde,99,false
westside,100,false
willowdale,102,false
windsorrsl,103,false
yarraville,105,false
mawson,63,false
flagstone,40,false
cooks,27,false
gosford,43,false
exchange,37,true
rydalmere,81,true
vineyard,92,true
