id,alt,updatedAt,createdAt,url,thumbnailURL,filename,mimeType,filesize,width,height,focalX,focalY
105,Logo,2026-04-30T21:59:16.898Z,2026-04-30T21:59:16.726Z,/api/media/file/yarraville.png,,yarraville.png,image/png,107574,800,350,50,50
104,Logo,2026-04-30T21:59:16.621Z,2026-04-30T21:59:16.440Z,/api/media/file/woywoy.png,,woywoy.png,image/png,146723,800,350,50,50
103,Logo,2026-04-30T21:59:16.327Z,2026-04-30T21:59:16.147Z,/api/media/file/windsorrsl.png,,windsorrsl.png,image/png,119375,800,350,50,50
102,Logo,2026-04-30T21:59:16.042Z,2026-04-30T21:59:15.872Z,/api/media/file/willowdale.png,,willowdale.png,image/png,98131,800,350,50,50
101,Logo,2026-04-30T21:59:15.770Z,2026-04-30T21:59:15.582Z,/api/media/file/westwaters.png,,westwaters.png,image/png,156919,800,350,50,50
100,Logo,2026-04-30T21:59:15.478Z,2026-04-30T21:59:15.299Z,/api/media/file/westside.png,,westside.png,image/png,112091,800,350,50,50
99,Logo,2026-04-30T21:59:15.187Z,2026-04-30T21:59:15.015Z,/api/media/file/westryde.png,,westryde.png,image/png,109120,800,350,50,50
98,Logo,2026-04-30T21:59:14.913Z,2026-04-30T21:59:14.740Z,/api/media/file/westmead.png,,westmead.png,image/png,121848,800,350,50,50
97,Logo,2026-04-30T21:59:14.639Z,2026-04-30T21:59:14.479Z,/api/media/file/wentworthville.png,,wentworthville.png,image/png,73733,800,350,50,50
96,Logo,2026-04-30T21:59:14.374Z,2026-04-30T21:59:14.205Z,/api/media/file/wentworth.png,,wentworth.png,image/png,98128,800,350,50,50
